{"initial_reset_timestamp": 1565967878.4749436, "timestamps": [1565967879.8932998], "episode_lengths": [50], "episode_rewards": [50.0], "episode_types": ["t"]}